game_id,season,date,opponent_clean,bu_shots,opponent_shots,bu_shot_pct,opponent_shot_pct,bu_faceoffs_won,opponent_faceoffs_won,bu_faceoff_pct,opponent_faceoff_pct,bu_saves,opponent_saves,bu_save_pct,opponent_save_pct,bu_penalties,opponent_penalties,bu_penalty_minutes,opponent_penalty_minutes,bu_blocks,opponent_blocks,bu_pp_goals,bu_pp_opportunities,opponent_pp_goals,opponent_pp_opportunities,bu_goalie,opponent_goalie,bu_goalie_decision,opponent_goalie_decision,bu_goalie_minutes,opponent_goalie_minutes,bu_goals_against,opponent_goals_against,bu_goalie_saves,opponent_goalie_saves,team_stats_extraction_status,power_play_extraction_status,goalie_extraction_status
bu_2025-10-04_liu,2025-26,2025-10-04,LIU,32,38,,,30,32,,,36,28,,,5,5,10,10,9,18,2.0,5.0,0.0,5.0,"Yegorov,Mikhail","Duris,Daniel",W,L,59:40,57:37,2.0,4.0,36.0,28.0,team_stats_found,pp_found,goalie_found
bu_2025-10-05_rpi,2025-26,2025-10-05,RPI,29,21,,,28,24,,,21,26,,,1,4,2,8,6,13,1.0,4.0,0.0,1.0,"Lacroix,Max","Krawchuk,Nate",W,L,59:29,20:00,0.0,1.0,21.0,8.0,team_stats_found,pp_found,goalie_found
bu_2025-10-10_colgate,2025-26,2025-10-10,Colgate,36,26,,,28,27,,,24,30,,,6,4,12,8,11,17,2.0,3.0,1.0,5.0,"Yegorov,Mikhail","Dyck,Reid",W,L,60:00,59:25,2.0,5.0,24.0,30.0,team_stats_found,pp_found,goalie_found
bu_2025-10-11_colgate,2025-26,2025-10-11,Colgate,35,25,,,37,24,,,23,33,,,4,5,8,10,11,19,0.0,5.0,0.0,4.0,,,,,,,,,,,team_stats_found,pp_found,goalie_not_found
bu_2025-10-17_michigan_state,2025-26,2025-10-17,Michigan State,20,34,,,35,31,,,30,18,,,5,8,18,35,18,12,2.0,6.0,1.0,3.0,"Yegorov,Mikhail","Augustine,Trey",L,W,58:03,60:00,4.0,2.0,30.0,18.0,team_stats_found,pp_found,goalie_found
bu_2025-10-18_michigan_state,2025-26,2025-10-18,Michigan State,34,34,,,29,34,,,30,31,,,2,4,4,8,13,13,0.0,4.0,0.0,2.0,"Yegorov,Mikhail","Augustine,Trey",L,W,63:50,63:30,4.0,3.0,30.0,31.0,team_stats_found,pp_found,goalie_found
bu_2025-10-24_uconn,2025-26,2025-10-24,UConn,34,40,,,29,36,,,32,30,,,5,5,10,18,5,15,0.0,4.0,2.0,5.0,"Yegorov,Mikhail","Muszelik,Tyler",L,W,41:04,60:00,6.0,4.0,26.0,30.0,team_stats_found,pp_found,goalie_found
bu_2025-10-25_uconn,2025-26,2025-10-25,UConn,20,25,,,26,23,,,24,17,,,2,3,4,6,7,7,2.0,3.0,0.0,2.0,"Yegorov,Mikhail","Muszelik,Tyler",W,L,60:00,57:50,1.0,3.0,24.0,17.0,team_stats_found,pp_found,goalie_found
bu_2025-10-31_maine,2025-26,2025-10-31,Maine,28,35,,,32,30,,,30,24,,,7,4,22,8,19,9,1.0,4.0,0.0,5.0,"Yegorov,Mikhail","Boija,Albin",L,W,60:43,60:43,5.0,4.0,30.0,24.0,team_stats_found,pp_found,goalie_found
bu_2025-11-01_maine,2025-26,2025-11-01,Maine,31,46,,,30,39,,,38,26,,,7,3,14,6,27,10,1.0,3.0,1.0,7.0,"Lacroix,Max","Rousseau,Mathis",L,W,46:27,60:00,4.0,5.0,33.0,26.0,team_stats_found,pp_found,goalie_found
bu_2025-11-07_merrimack,2025-26,2025-11-07,Merrimack,21,25,,,19,30,,,23,18,,,5,4,10,8,12,15,0.0,4.0,0.0,5.0,"Yegorov,Mikhail","Lundgren,Max",W,L,60:00,60:21,2.0,3.0,23.0,18.0,team_stats_found,pp_found,goalie_found
bu_2025-11-08_merrimack,2025-26,2025-11-08,Merrimack,24,31,,,28,33,,,27,19,,,7,5,25,10,8,17,0.0,4.0,2.0,6.0,"Yegorov,Mikhail","Lundgren,Max",W,L,60:00,57:39,4.0,4.0,27.0,19.0,team_stats_found,pp_found,goalie_found
bu_2025-11-15_quinnipiac,2025-26,2025-11-15,Quinnipiac,33,49,,,21,36,,,43,31,,,5,6,10,12,14,8,0.0,6.0,2.0,5.0,"Yegorov,Mikhail","Marinov,Matej",L,W,59:41,59:55,6.0,2.0,43.0,31.0,team_stats_found,pp_found,goalie_found
bu_2025-11-21_northeastern,2025-26,2025-11-21,Northeastern,34,25,,,23,26,,,22,32,,,6,8,12,16,13,11,0.0,4.0,0.0,3.0,"Yegorov,Mikhail","Sigurdson,Quentin",L,W,59:08,60:00,3.0,2.0,22.0,32.0,team_stats_found,pp_found,goalie_found
bu_2025-11-22_northeastern,2025-26,2025-11-22,Northeastern,47,26,,,34,28,,,23,43,,,6,4,23,8,16,16,1.0,4.0,1.0,4.0,"Yegorov,Mikhail","Sigurdson,Quentin",W,L,63:33,63:38,3.0,4.0,23.0,43.0,team_stats_found,pp_found,goalie_found
bu_2025-11-29_cornell,2025-26,2025-11-29,Cornell,17,29,,,28,35,,,28,15,,,5,4,10,8,7,10,1.0,3.0,0.0,4.0,"Yegorov,Mikhail","Cournoyer,Alexis",W,L,60:00,58:05,1.0,2.0,28.0,15.0,team_stats_found,pp_found,goalie_found
bu_2025-12-05_vermont,2025-26,2025-12-05,Vermont,28,26,,,33,27,,,25,26,,,2,3,4,6,16,6,0.0,3.0,0.0,2.0,"Yegorov,Mikhail","Mangbo,Axel",W,L,59:59,58:35,1.0,2.0,25.0,26.0,team_stats_found,pp_found,goalie_found
bu_2025-12-06_vermont,2025-26,2025-12-06,Vermont,32,20,,,28,30,,,17,30,,,0,0,0,0,16,22,,,,,"Yegorov,Mikhail","Wright,Aiden",L,W,59:49,60:00,3.0,2.0,17.0,30.0,team_stats_found,pp_not_found,goalie_found
bu_2025-12-13_northeastern,2025-26,2025-12-13,Northeastern,35,21,,,30,24,,,18,31,,,4,4,8,8,10,26,0.0,4.0,1.0,3.0,"Yegorov,Mikhail","Zacher,Lawton",W,L,59:44,58:32,3.0,4.0,18.0,31.0,team_stats_found,pp_found,goalie_found
bu_2026-01-03_simon_fraser,2025-26,2026-01-03,Simon Fraser,52,19,,,42,23,,,17,44,,,3,9,6,40,8,23,3.0,10.0,0.0,1.0,"Yegorov,Mikhail","Gratton,Gabe",W,L,29:40,60:00,1.0,8.0,8.0,44.0,team_stats_found,pp_found,goalie_found
bu_2026-01-09_umass,2025-26,2026-01-09,UMass,30,18,,,27,14,,,18,29,,,1,1,2,2,13,17,0.0,1.0,0.0,1.0,"Yegorov,Mikhail","Hrabal,Michael",W,L,60:00,58:05,0.0,1.0,18.0,29.0,team_stats_found,pp_found,goalie_found
bu_2026-01-10_umass,2025-26,2026-01-10,UMass,26,18,,,31,22,,,16,26,,,2,4,4,8,9,22,0.0,3.0,0.0,1.0,"Yegorov,Mikhail","Hrabal,Michael",L,W,57:56,59:55,1.0,0.0,16.0,26.0,team_stats_found,pp_found,goalie_found
bu_2026-01-12_harvard,2025-26,2026-01-12,Harvard,33,29,,,33,29,,,28,29,,,1,1,2,2,12,10,0.0,1.0,0.0,1.0,"Yegorov,Mikhail","Charette,Ben",W,L,60:00,58:28,1.0,2.0,28.0,29.0,team_stats_found,pp_found,goalie_found
bu_2026-01-16_umass_lowell,2025-26,2026-01-16,UMass Lowell,34,29,,,34,28,,,25,31,,,6,7,20,22,13,15,1.0,4.0,1.0,4.0,"Yegorov,Mikhail","Richard,Samuel",40:00,W,3,61:37,0.0,3.0,33.0,31.0,team_stats_found,pp_found,goalie_found
bu_2026-01-17_umass_lowell,2025-26,2026-01-17,UMass Lowell,20,23,,,25,19,,,23,17,,,3,4,6,8,21,9,0.0,3.0,0.0,3.0,"Yegorov,Mikhail","Elliott,Austin",W,L,59:47,57:12,0.0,2.0,23.0,17.0,team_stats_found,pp_found,goalie_found
bu_2026-01-23_providence,2025-26,2026-01-23,Providence,18,40,,,21,33,,,36,15,,,8,4,16,8,17,12,0.0,4.0,2.0,7.0,"Yegorov,Mikhail","Parsons,Jack",L,W,59:17,60:00,4.0,3.0,36.0,15.0,team_stats_found,pp_found,goalie_found
bu_2026-01-24_providence,2025-26,2026-01-24,Providence,33,26,,,22,22,,,22,33,,,3,5,6,21,9,15,0.0,3.0,0.0,2.0,"Yegorov,Mikhail","Parsons,Jack",L,W,58:17,59:49,3.0,0.0,22.0,33.0,team_stats_found,pp_found,goalie_found
bu_2026-01-30_boston_college,2025-26,2026-01-30,Boston College,34,21,,,31,24,,,17,33,,,5,5,10,10,20,16,1.0,5.0,0.0,5.0,"Yegorov,Mikhail","Cloutier,Louka",L,W,59:02,59:46,3.0,1.0,17.0,33.0,team_stats_found,pp_found,goalie_found
bu_2026-02-02_northeastern,2025-26,2026-02-02,Northeastern,26,38,,,26,35,,,36,24,,,1,2,2,4,22,9,0.0,1.0,1.0,2.0,,,,,,,,,,,team_stats_found,pp_found,goalie_not_found
bu_2026-02-06_maine,2025-26,2026-02-06,Maine,31,30,,,25,23,,,28,28,,,3,1,6,2,28,11,1.0,1.0,0.0,3.0,"Yegorov,Mikhail","Boija,Albin",W,L,61:42,61:42,2.0,3.0,28.0,28.0,team_stats_found,pp_found,goalie_found
bu_2026-02-09_boston_college,2025-26,2026-02-09,Boston College,29,38,,,32,28,,,32,27,,,4,5,8,10,9,17,1.0,5.0,3.0,4.0,"Yegorov,Mikhail","Cloutier,Louka",L,W,58:48,60:00,5.0,2.0,32.0,27.0,team_stats_found,pp_found,goalie_found
bu_2026-02-13_new_hampshire,2025-26,2026-02-13,New Hampshire,26,24,,,35,28,,,20,25,,,5,3,10,6,6,17,0.0,3.0,2.0,5.0,"Yegorov,Mikhail","Chauvette,Kyle",L,W,59:54,59:03,3.0,1.0,20.0,25.0,team_stats_found,pp_found,goalie_found
bu_2026-02-14_new_hampshire,2025-26,2026-02-14,New Hampshire,34,27,,,26,28,,,24,29,,,1,1,2,2,10,19,0.0,1.0,1.0,1.0,"Lacroix,Max","Chauvette,Kyle",W,L,60:00,58:59,3.0,4.0,24.0,29.0,team_stats_found,pp_found,goalie_found
bu_2026-02-27_boston_college,2025-26,2026-02-27,Boston College,41,25,,,20,30,,,24,38,,,3,3,6,6,5,14,0.0,3.0,1.0,3.0,"Yegorov,Mikhail","Cloutier,Louka",W,L,60:00,58:52,1.0,2.0,24.0,38.0,team_stats_found,pp_found,goalie_found
bu_2026-02-28_boston_college,2025-26,2026-02-28,Boston College,20,29,,,27,29,,,28,15,,,3,2,6,4,17,7,0.0,2.0,0.0,3.0,"Yegorov,Mikhail","Cloutier,Louka",W,L,60:00,56:34,1.0,4.0,28.0,15.0,team_stats_found,pp_found,goalie_found
bu_2026-03-07_umass_lowell,2025-26,2026-03-07,UMass Lowell,27,27,,,29,35,,,23,24,,,8,5,16,10,8,12,0.0,4.0,0.0,7.0,"Yegorov,Mikhail","Richard,Samuel",L,W,58:26,59:58,3.0,3.0,23.0,24.0,team_stats_found,pp_found,goalie_found
bu_2026-03-11_vermont,2025-26,2026-03-11,Vermont,28,26,,,28,35,,,25,24,,,2,3,4,6,15,15,2.0,3.0,0.0,2.0,"Yegorov,Mikhail","Wright,Aiden",W,L,60:00,55:48,1.0,3.0,25.0,24.0,team_stats_found,pp_found,goalie_found
bu_2026-03-14_uconn,2025-26,2026-03-14,UConn,32,38,,,26,29,,,33,29,,,4,3,8,6,12,17,0.0,3.0,1.0,4.0,"Yegorov,Mikhail","Muszelik,Tyler",L,W,58:32,60:00,4.0,3.0,33.0,29.0,team_stats_found,pp_found,goalie_found
