season,team,date,day_of_week,result,goals_for,goals_against,is_home,is_away,is_neutral,home_away_raw,opponent,opponent_chn_url,opponent_team_id,is_conference,is_exhibition,is_overtime,box_score_url,metrics_url,game_note,source,source_url,team_conference,opponent_conference,is_same_conference_opponent
2025-26,Boston College,2025-10-03,Fri,L,3,4,True,False,False,,Quinnipiac,https://www.collegehockeynews.com/reports/team/Quinnipiac/47,47,False,False,False,https://www.collegehockeynews.com/box/final/20251003/qui/bc_/,https://www.collegehockeynews.com/box/metrics.php?gd=111045,,college_hockey_news,https://www.collegehockeynews.com/schedules/team/Boston-College/9/20252026,Hockey East,ECAC,False
2025-26,Boston College,2025-10-09,Thu,W,3,1,False,True,False,at,Minnesota,https://www.collegehockeynews.com/reports/team/Minnesota/34,34,False,False,False,https://www.collegehockeynews.com/box/final/20251009/bc_/min/,https://www.collegehockeynews.com/box/metrics.php?gd=110990,,college_hockey_news,https://www.collegehockeynews.com/schedules/team/Boston-College/9/20252026,Hockey East,Big Ten,False
2025-26,Boston College,2025-10-10,Fri,T,2,2,False,True,False,at,Minnesota,https://www.collegehockeynews.com/reports/team/Minnesota/34,34,False,False,True,https://www.collegehockeynews.com/box/final/20251010/bc_/min/,https://www.collegehockeynews.com/box/metrics.php?gd=110991,,college_hockey_news,https://www.collegehockeynews.com/schedules/team/Boston-College/9/20252026,Hockey East,Big Ten,False
2025-26,Boston College,2025-10-17,Fri,W,5,1,False,True,False,at,RPI,https://www.collegehockeynews.com/reports/team/RPI/48,48,False,False,False,https://www.collegehockeynews.com/box/final/20251017/bc_/ren/,https://www.collegehockeynews.com/box/metrics.php?gd=111074,,college_hockey_news,https://www.collegehockeynews.com/schedules/team/Boston-College/9/20252026,Hockey East,ECAC,False
2025-26,Boston College,2025-10-24,Fri,L,3,7,True,False,False,,Denver,https://www.collegehockeynews.com/reports/team/Denver/20,20,False,False,False,https://www.collegehockeynews.com/box/final/20251024/den/bc_/,https://www.collegehockeynews.com/box/metrics.php?gd=110520,,college_hockey_news,https://www.collegehockeynews.com/schedules/team/Boston-College/9/20252026,Hockey East,NCHC,False
2025-26,Boston College,2025-10-30,Thu,L,1,4,True,False,False,,Northeastern,https://www.collegehockeynews.com/reports/team/Northeastern/41,41,True,False,False,https://www.collegehockeynews.com/box/final/20251030/noe/bc_/,https://www.collegehockeynews.com/box/metrics.php?gd=111271,,college_hockey_news,https://www.collegehockeynews.com/schedules/team/Boston-College/9/20252026,Hockey East,Hockey East,True
2025-26,Boston College,2025-10-31,Fri,L,0,3,False,True,False,at,Northeastern,https://www.collegehockeynews.com/reports/team/Northeastern/41,41,True,False,False,https://www.collegehockeynews.com/box/final/20251031/bc_/noe/,https://www.collegehockeynews.com/box/metrics.php?gd=111272,,college_hockey_news,https://www.collegehockeynews.com/schedules/team/Boston-College/9/20252026,Hockey East,Hockey East,True
2025-26,Boston College,2025-11-07,Fri,W,2,1,False,True,False,at,Vermont,https://www.collegehockeynews.com/reports/team/Vermont/55,55,True,False,False,https://www.collegehockeynews.com/box/final/20251107/bc_/ver/,https://www.collegehockeynews.com/box/metrics.php?gd=111274,,college_hockey_news,https://www.collegehockeynews.com/schedules/team/Boston-College/9/20252026,Hockey East,Hockey East,True
2025-26,Boston College,2025-11-08,Sat,W,5,0,False,True,False,at,Vermont,https://www.collegehockeynews.com/reports/team/Vermont/55,55,True,False,False,https://www.collegehockeynews.com/box/final/20251108/bc_/ver/,https://www.collegehockeynews.com/box/metrics.php?gd=111275,,college_hockey_news,https://www.collegehockeynews.com/schedules/team/Boston-College/9/20252026,Hockey East,Hockey East,True
2025-26,Boston College,2025-11-14,Fri,W,7,3,True,False,False,,Massachusetts,https://www.collegehockeynews.com/reports/team/Massachusetts/27,27,True,False,False,https://www.collegehockeynews.com/box/final/20251114/uma/bc_/,https://www.collegehockeynews.com/box/metrics.php?gd=110550,,college_hockey_news,https://www.collegehockeynews.com/schedules/team/Boston-College/9/20252026,Hockey East,Hockey East,True
2025-26,Boston College,2025-11-15,Sat,W,4,0,False,True,False,at,Massachusetts,https://www.collegehockeynews.com/reports/team/Massachusetts/27,27,True,False,False,https://www.collegehockeynews.com/box/final/20251115/bc_/uma/,https://www.collegehockeynews.com/box/metrics.php?gd=110551,,college_hockey_news,https://www.collegehockeynews.com/schedules/team/Boston-College/9/20252026,Hockey East,Hockey East,True
2025-26,Boston College,2025-11-21,Fri,W,7,3,True,False,False,,Maine,https://www.collegehockeynews.com/reports/team/Maine/25,25,True,False,False,https://www.collegehockeynews.com/box/final/20251121/mne/bc_/,https://www.collegehockeynews.com/box/metrics.php?gd=111286,,college_hockey_news,https://www.collegehockeynews.com/schedules/team/Boston-College/9/20252026,Hockey East,Hockey East,True
2025-26,Boston College,2025-11-22,Sat,L,0,3,True,False,False,,Maine,https://www.collegehockeynews.com/reports/team/Maine/25,25,True,False,False,https://www.collegehockeynews.com/box/final/20251122/mne/bc_/,https://www.collegehockeynews.com/box/metrics.php?gd=111287,,college_hockey_news,https://www.collegehockeynews.com/schedules/team/Boston-College/9/20252026,Hockey East,Hockey East,True
2025-26,Boston College,2025-11-28,Fri,W,5,3,True,False,False,,Notre Dame,https://www.collegehockeynews.com/reports/team/Notre-Dame/43,43,False,False,False,https://www.collegehockeynews.com/box/final/20251128/ndm/bc_/,https://www.collegehockeynews.com/box/metrics.php?gd=111207,,college_hockey_news,https://www.collegehockeynews.com/schedules/team/Boston-College/9/20252026,Hockey East,Big Ten,False
2025-26,Boston College,2025-12-05,Fri,W,3,1,False,True,False,at,Mass.-Lowell,https://www.collegehockeynews.com/reports/team/Mass-Lowell/26,26,True,False,False,https://www.collegehockeynews.com/box/final/20251205/bc_/uml/,https://www.collegehockeynews.com/box/metrics.php?gd=110840,,college_hockey_news,https://www.collegehockeynews.com/schedules/team/Boston-College/9/20252026,Hockey East,Hockey East,True
2025-26,Boston College,2025-12-06,Sat,W,3,1,True,False,False,,Mass.-Lowell,https://www.collegehockeynews.com/reports/team/Mass-Lowell/26,26,True,False,False,https://www.collegehockeynews.com/box/final/20251206/uml/bc_/,https://www.collegehockeynews.com/box/metrics.php?gd=110841,,college_hockey_news,https://www.collegehockeynews.com/schedules/team/Boston-College/9/20252026,Hockey East,Hockey East,True
2025-26,Boston College,2025-12-28,Sun,L,3,5,False,False,True,vs.,Western Michigan,https://www.collegehockeynews.com/reports/team/Western-Michigan/57,57,False,False,False,https://www.collegehockeynews.com/box/final/20251228/bc_/wmu/,https://www.collegehockeynews.com/box/metrics.php?gd=110639,"Holiday Face-Off – Fiserv Forum, Milwaukee, Wis.",college_hockey_news,https://www.collegehockeynews.com/schedules/team/Boston-College/9/20252026,Hockey East,NCHC,False
2025-26,Boston College,2025-12-29,Mon,W,4,3,False,False,True,vs.,Lake Superior,https://www.collegehockeynews.com/reports/team/Lake-Superior/24,24,False,False,False,https://www.collegehockeynews.com/box/final/20251229/bc_/lss/,https://www.collegehockeynews.com/box/metrics.php?gd=111258,"Holiday Face-Off – Fiserv Forum, Milwaukee, Wis.",college_hockey_news,https://www.collegehockeynews.com/schedules/team/Boston-College/9/20252026,Hockey East,CCHA,False
2025-26,Boston College,2026-01-09,Fri,W,8,2,True,False,False,,Stonehill,https://www.collegehockeynews.com/reports/team/Stonehill/422,422,False,True,False,,,,college_hockey_news,https://www.collegehockeynews.com/schedules/team/Boston-College/9/20252026,Hockey East,Independent,False
2025-26,Boston College,2026-01-16,Fri,L,3,4,True,False,False,,Providence,https://www.collegehockeynews.com/reports/team/Providence/46,46,True,False,True,https://www.collegehockeynews.com/box/final/20260116/prv/bc_/,https://www.collegehockeynews.com/box/metrics.php?gd=111301,,college_hockey_news,https://www.collegehockeynews.com/schedules/team/Boston-College/9/20252026,Hockey East,Hockey East,True
2025-26,Boston College,2026-01-17,Sat,L,3,4,False,True,False,at,Providence,https://www.collegehockeynews.com/reports/team/Providence/46,46,True,False,False,https://www.collegehockeynews.com/box/final/20260117/bc_/prv/,https://www.collegehockeynews.com/box/metrics.php?gd=111302,,college_hockey_news,https://www.collegehockeynews.com/schedules/team/Boston-College/9/20252026,Hockey East,Hockey East,True
2025-26,Boston College,2026-01-23,Fri,W,5,2,True,False,False,,New Hampshire,https://www.collegehockeynews.com/reports/team/New-Hampshire/38,38,True,False,False,https://www.collegehockeynews.com/box/final/20260123/unh/bc_/,https://www.collegehockeynews.com/box/metrics.php?gd=111193,,college_hockey_news,https://www.collegehockeynews.com/schedules/team/Boston-College/9/20252026,Hockey East,Hockey East,True
2025-26,Boston College,2026-01-24,Sat,W,3,0,False,True,False,at,New Hampshire,https://www.collegehockeynews.com/reports/team/New-Hampshire/38,38,True,False,False,https://www.collegehockeynews.com/box/final/20260124/bc_/unh/,https://www.collegehockeynews.com/box/metrics.php?gd=111194,,college_hockey_news,https://www.collegehockeynews.com/schedules/team/Boston-College/9/20252026,Hockey East,Hockey East,True
2025-26,Boston College,2026-01-30,Fri,W,4,1,False,True,False,at,Boston University,https://www.collegehockeynews.com/reports/team/Boston-University/10,10,True,False,False,https://www.collegehockeynews.com/box/final/20260130/bc_/bu_/,https://www.collegehockeynews.com/box/metrics.php?gd=111143,,college_hockey_news,https://www.collegehockeynews.com/schedules/team/Boston-College/9/20252026,Hockey East,Hockey East,True
2025-26,Boston College,2026-02-02,Mon,W,5,1,False,False,True,vs.,Harvard,https://www.collegehockeynews.com/reports/team/Harvard/22,22,False,False,False,https://www.collegehockeynews.com/box/final/20260202/bc_/har/,https://www.collegehockeynews.com/box/metrics.php?gd=111145,"Beanpot – TD Garden, Boston, Mass.",college_hockey_news,https://www.collegehockeynews.com/schedules/team/Boston-College/9/20252026,Hockey East,ECAC,False
2025-26,Boston College,2026-02-06,Fri,L,1,6,True,False,False,,Vermont,https://www.collegehockeynews.com/reports/team/Vermont/55,55,True,False,False,https://www.collegehockeynews.com/box/final/20260206/ver/bc_/,https://www.collegehockeynews.com/box/metrics.php?gd=111310,,college_hockey_news,https://www.collegehockeynews.com/schedules/team/Boston-College/9/20252026,Hockey East,Hockey East,True
2025-26,Boston College,2026-02-09,Mon,W,6,2,False,False,True,vs.,Boston University,https://www.collegehockeynews.com/reports/team/Boston-University/10,10,False,False,False,https://www.collegehockeynews.com/box/final/20260209/bc_/bu_/,https://www.collegehockeynews.com/box/metrics.php?gd=111266,"Beanpot – TD Garden, Boston, Mass.",college_hockey_news,https://www.collegehockeynews.com/schedules/team/Boston-College/9/20252026,Hockey East,Hockey East,True
2025-26,Boston College,2026-02-13,Fri,L,2,4,False,True,False,at,Merrimack,https://www.collegehockeynews.com/reports/team/Merrimack/29,29,True,False,False,https://www.collegehockeynews.com/box/final/20260213/bc_/mer/,https://www.collegehockeynews.com/box/metrics.php?gd=111313,,college_hockey_news,https://www.collegehockeynews.com/schedules/team/Boston-College/9/20252026,Hockey East,Hockey East,True
2025-26,Boston College,2026-02-14,Sat,W,4,2,True,False,False,,Merrimack,https://www.collegehockeynews.com/reports/team/Merrimack/29,29,True,False,False,https://www.collegehockeynews.com/box/final/20260214/mer/bc_/,https://www.collegehockeynews.com/box/metrics.php?gd=111314,,college_hockey_news,https://www.collegehockeynews.com/schedules/team/Boston-College/9/20252026,Hockey East,Hockey East,True
2025-26,Boston College,2026-02-20,Fri,W,5,2,True,False,False,,Connecticut,https://www.collegehockeynews.com/reports/team/Connecticut/17,17,True,False,False,https://www.collegehockeynews.com/box/final/20260220/con/bc_/,https://www.collegehockeynews.com/box/metrics.php?gd=111319,,college_hockey_news,https://www.collegehockeynews.com/schedules/team/Boston-College/9/20252026,Hockey East,Hockey East,True
2025-26,Boston College,2026-02-21,Sat,W,2,1,False,True,False,at,Connecticut,https://www.collegehockeynews.com/reports/team/Connecticut/17,17,True,False,True,https://www.collegehockeynews.com/box/final/20260221/bc_/con/,https://www.collegehockeynews.com/box/metrics.php?gd=111320,,college_hockey_news,https://www.collegehockeynews.com/schedules/team/Boston-College/9/20252026,Hockey East,Hockey East,True
2025-26,Boston College,2026-02-27,Fri,L,1,3,False,True,False,at,Boston University,https://www.collegehockeynews.com/reports/team/Boston-University/10,10,True,False,False,https://www.collegehockeynews.com/box/final/20260227/bc_/bu_/,https://www.collegehockeynews.com/box/metrics.php?gd=111149,,college_hockey_news,https://www.collegehockeynews.com/schedules/team/Boston-College/9/20252026,Hockey East,Hockey East,True
2025-26,Boston College,2026-02-28,Sat,L,1,5,True,False,False,,Boston University,https://www.collegehockeynews.com/reports/team/Boston-University/10,10,True,False,False,https://www.collegehockeynews.com/box/final/20260228/bu_/bc_/,https://www.collegehockeynews.com/box/metrics.php?gd=111150,,college_hockey_news,https://www.collegehockeynews.com/schedules/team/Boston-College/9/20252026,Hockey East,Hockey East,True
2025-26,Boston College,2026-03-05,Thu,L,1,2,False,True,False,at,Massachusetts,https://www.collegehockeynews.com/reports/team/Massachusetts/27,27,True,False,False,https://www.collegehockeynews.com/box/final/20260305/bc_/uma/,https://www.collegehockeynews.com/box/metrics.php?gd=110570,,college_hockey_news,https://www.collegehockeynews.com/schedules/team/Boston-College/9/20252026,Hockey East,Hockey East,True
2025-26,Boston College,2026-03-07,Sat,L,2,4,True,False,False,,Northeastern,https://www.collegehockeynews.com/reports/team/Northeastern/41,41,True,False,False,https://www.collegehockeynews.com/box/final/20260307/noe/bc_/,https://www.collegehockeynews.com/box/metrics.php?gd=111329,,college_hockey_news,https://www.collegehockeynews.com/schedules/team/Boston-College/9/20252026,Hockey East,Hockey East,True
2025-26,Boston College,2026-03-13,Fri,W,5,0,True,False,False,,Maine,https://www.collegehockeynews.com/reports/team/Maine/25,25,False,False,False,https://www.collegehockeynews.com/box/final/20260313/mne/bc_/,https://www.collegehockeynews.com/box/metrics.php?gd=112998,HEA Tournament Hockey East Quarterfinal,college_hockey_news,https://www.collegehockeynews.com/schedules/team/Boston-College/9/20252026,Hockey East,Hockey East,True
2025-26,Boston College,2026-03-20,Fri,L,3,4,False,False,True,vs.,Connecticut,https://www.collegehockeynews.com/reports/team/Connecticut/17,17,False,False,True,https://www.collegehockeynews.com/box/final/20260320/bc_/con/,https://www.collegehockeynews.com/box/metrics.php?gd=112933,"HEA Tournament Hockey East Semifinal – TD Garden, Boston, Mass.",college_hockey_news,https://www.collegehockeynews.com/schedules/team/Boston-College/9/20252026,Hockey East,Hockey East,True
