season,team,date,day_of_week,result,goals_for,goals_against,is_home,is_away,is_neutral,opponent,opponent_chn_url,opponent_team_id,is_conference,is_overtime,box_score_url,metrics_url,game_note,source,source_url,team_conference,opponent_conference
2025-26,St. Thomas,2025-10-04,Sat,W,4,3,False,True,False,St. Cloud State,https://www.collegehockeynews.com/reports/team/St-Cloud-State/52,52,False,False,https://www.collegehockeynews.com/box/final/20251004/stt/stc/,https://www.collegehockeynews.com/box/metrics.php?gd=110746,,college_hockey_news,https://www.collegehockeynews.com/schedules/team/St-Thomas/63/20252026,CCHA,NCHC
2025-26,St. Thomas,2025-10-10,Fri,L,2,6,False,True,False,North Dakota,https://www.collegehockeynews.com/reports/team/North-Dakota/40,40,False,False,https://www.collegehockeynews.com/box/final/20251010/stt/ndk/,https://www.collegehockeynews.com/box/metrics.php?gd=110407,,college_hockey_news,https://www.collegehockeynews.com/schedules/team/St-Thomas/63/20252026,CCHA,NCHC
2025-26,St. Thomas,2025-10-12,Sun,L,2,5,True,False,False,North Dakota,https://www.collegehockeynews.com/reports/team/North-Dakota/40,40,False,False,https://www.collegehockeynews.com/box/final/20251012/ndk/stt/,https://www.collegehockeynews.com/box/metrics.php?gd=110647,"at Grand Casino Arena, St. Paul, Minn.",college_hockey_news,https://www.collegehockeynews.com/schedules/team/St-Thomas/63/20252026,CCHA,NCHC
2025-26,St. Thomas,2025-10-17,Fri,W,11,2,False,True,False,Air Force,https://www.collegehockeynews.com/reports/team/Air-Force/1,1,False,False,https://www.collegehockeynews.com/box/final/20251017/stt/afa/,https://www.collegehockeynews.com/box/metrics.php?gd=111009,,college_hockey_news,https://www.collegehockeynews.com/schedules/team/St-Thomas/63/20252026,CCHA,Atlantic Hockey
2025-26,St. Thomas,2025-10-18,Sat,L,2,6,False,True,False,Air Force,https://www.collegehockeynews.com/reports/team/Air-Force/1,1,False,False,https://www.collegehockeynews.com/box/final/20251018/stt/afa/,https://www.collegehockeynews.com/box/metrics.php?gd=111010,,college_hockey_news,https://www.collegehockeynews.com/schedules/team/St-Thomas/63/20252026,CCHA,Atlantic Hockey
2025-26,St. Thomas,2025-10-24,Fri,T,2,2,True,False,False,Providence,https://www.collegehockeynews.com/reports/team/Providence/46,46,False,True,https://www.collegehockeynews.com/box/final/20251024/prv/stt/,https://www.collegehockeynews.com/box/metrics.php?gd=110648,,college_hockey_news,https://www.collegehockeynews.com/schedules/team/St-Thomas/63/20252026,CCHA,Hockey East
2025-26,St. Thomas,2025-10-25,Sat,L,4,7,True,False,False,Providence,https://www.collegehockeynews.com/reports/team/Providence/46,46,False,False,https://www.collegehockeynews.com/box/final/20251025/prv/stt/,https://www.collegehockeynews.com/box/metrics.php?gd=110649,,college_hockey_news,https://www.collegehockeynews.com/schedules/team/St-Thomas/63/20252026,CCHA,Hockey East
2025-26,St. Thomas,2025-10-31,Fri,L,1,3,True,False,False,Minnesota State,https://www.collegehockeynews.com/reports/team/Minnesota-State/35,35,True,False,https://www.collegehockeynews.com/box/final/20251031/mns/stt/,https://www.collegehockeynews.com/box/metrics.php?gd=110600,,college_hockey_news,https://www.collegehockeynews.com/schedules/team/St-Thomas/63/20252026,CCHA,CCHA
2025-26,St. Thomas,2025-11-01,Sat,W,4,3,False,True,False,Minnesota State,https://www.collegehockeynews.com/reports/team/Minnesota-State/35,35,True,True,https://www.collegehockeynews.com/box/final/20251101/stt/mns/,https://www.collegehockeynews.com/box/metrics.php?gd=110601,,college_hockey_news,https://www.collegehockeynews.com/schedules/team/St-Thomas/63/20252026,CCHA,CCHA
2025-26,St. Thomas,2025-11-11,Tue,W,3,1,True,False,False,St. Cloud State,https://www.collegehockeynews.com/reports/team/St-Cloud-State/52,52,False,False,https://www.collegehockeynews.com/box/final/20251111/stc/stt/,https://www.collegehockeynews.com/box/metrics.php?gd=110753,,college_hockey_news,https://www.collegehockeynews.com/schedules/team/St-Thomas/63/20252026,CCHA,NCHC
2025-26,St. Thomas,2025-11-15,Sat,T-SOL,4,4,False,True,False,Augustana,https://www.collegehockeynews.com/reports/team/Augustana/64,64,True,True,https://www.collegehockeynews.com/box/final/20251115/stt/aug/,https://www.collegehockeynews.com/box/metrics.php?gd=110650,,college_hockey_news,https://www.collegehockeynews.com/schedules/team/St-Thomas/63/20252026,CCHA,CCHA
2025-26,St. Thomas,2025-11-21,Fri,L,2,3,True,False,False,Bowling Green,https://www.collegehockeynews.com/reports/team/Bowling-Green/11,11,True,True,https://www.collegehockeynews.com/box/final/20251121/bgs/stt/,https://www.collegehockeynews.com/box/metrics.php?gd=110651,,college_hockey_news,https://www.collegehockeynews.com/schedules/team/St-Thomas/63/20252026,CCHA,CCHA
2025-26,St. Thomas,2025-11-22,Sat,W,6,2,True,False,False,Bowling Green,https://www.collegehockeynews.com/reports/team/Bowling-Green/11,11,True,False,https://www.collegehockeynews.com/box/final/20251122/bgs/stt/,https://www.collegehockeynews.com/box/metrics.php?gd=110652,,college_hockey_news,https://www.collegehockeynews.com/schedules/team/St-Thomas/63/20252026,CCHA,CCHA
2025-26,St. Thomas,2025-11-28,Fri,T-SOW,3,3,False,True,False,Michigan Tech,https://www.collegehockeynews.com/reports/team/Michigan-Tech/33,33,True,True,https://www.collegehockeynews.com/box/final/20251128/stt/mtu/,https://www.collegehockeynews.com/box/metrics.php?gd=110653,,college_hockey_news,https://www.collegehockeynews.com/schedules/team/St-Thomas/63/20252026,CCHA,CCHA
2025-26,St. Thomas,2025-11-29,Sat,W,2,1,False,True,False,Michigan Tech,https://www.collegehockeynews.com/reports/team/Michigan-Tech/33,33,True,False,https://www.collegehockeynews.com/box/final/20251129/stt/mtu/,https://www.collegehockeynews.com/box/metrics.php?gd=110654,,college_hockey_news,https://www.collegehockeynews.com/schedules/team/St-Thomas/63/20252026,CCHA,CCHA
2025-26,St. Thomas,2025-12-05,Fri,L,3,5,True,False,False,Lake Superior,https://www.collegehockeynews.com/reports/team/Lake-Superior/24,24,True,False,https://www.collegehockeynews.com/box/final/20251205/lss/stt/,https://www.collegehockeynews.com/box/metrics.php?gd=110655,,college_hockey_news,https://www.collegehockeynews.com/schedules/team/St-Thomas/63/20252026,CCHA,CCHA
2025-26,St. Thomas,2025-12-06,Sat,W,4,1,True,False,False,Lake Superior,https://www.collegehockeynews.com/reports/team/Lake-Superior/24,24,True,False,https://www.collegehockeynews.com/box/final/20251206/lss/stt/,https://www.collegehockeynews.com/box/metrics.php?gd=110656,,college_hockey_news,https://www.collegehockeynews.com/schedules/team/St-Thomas/63/20252026,CCHA,CCHA
2025-26,St. Thomas,2025-12-12,Fri,W,2,0,False,True,False,Northern Michigan,https://www.collegehockeynews.com/reports/team/Northern-Michigan/42,42,True,False,https://www.collegehockeynews.com/box/final/20251212/stt/nmu/,https://www.collegehockeynews.com/box/metrics.php?gd=110657,,college_hockey_news,https://www.collegehockeynews.com/schedules/team/St-Thomas/63/20252026,CCHA,CCHA
2025-26,St. Thomas,2025-12-13,Sat,W,4,3,False,True,False,Northern Michigan,https://www.collegehockeynews.com/reports/team/Northern-Michigan/42,42,True,False,https://www.collegehockeynews.com/box/final/20251213/stt/nmu/,https://www.collegehockeynews.com/box/metrics.php?gd=110658,,college_hockey_news,https://www.collegehockeynews.com/schedules/team/St-Thomas/63/20252026,CCHA,CCHA
2025-26,St. Thomas,2026-01-02,Fri,W,5,3,True,False,False,Ferris State,https://www.collegehockeynews.com/reports/team/Ferris-State/21,21,True,False,https://www.collegehockeynews.com/box/final/20260102/fsu/stt/,https://www.collegehockeynews.com/box/metrics.php?gd=110659,,college_hockey_news,https://www.collegehockeynews.com/schedules/team/St-Thomas/63/20252026,CCHA,CCHA
2025-26,St. Thomas,2026-01-03,Sat,W,8,4,True,False,False,Ferris State,https://www.collegehockeynews.com/reports/team/Ferris-State/21,21,True,False,https://www.collegehockeynews.com/box/final/20260103/fsu/stt/,https://www.collegehockeynews.com/box/metrics.php?gd=110660,,college_hockey_news,https://www.collegehockeynews.com/schedules/team/St-Thomas/63/20252026,CCHA,CCHA
2025-26,St. Thomas,2026-01-10,Sat,W,4,2,False,True,False,Minnesota State,https://www.collegehockeynews.com/reports/team/Minnesota-State/35,35,True,False,https://www.collegehockeynews.com/box/final/20260110/stt/mns/,https://www.collegehockeynews.com/box/metrics.php?gd=110616,,college_hockey_news,https://www.collegehockeynews.com/schedules/team/St-Thomas/63/20252026,CCHA,CCHA
2025-26,St. Thomas,2026-01-16,Fri,W,5,1,True,False,False,Bemidji State,https://www.collegehockeynews.com/reports/team/Bemidji-State/7,7,True,False,https://www.collegehockeynews.com/box/final/20260116/bmj/stt/,https://www.collegehockeynews.com/box/metrics.php?gd=110661,,college_hockey_news,https://www.collegehockeynews.com/schedules/team/St-Thomas/63/20252026,CCHA,CCHA
2025-26,St. Thomas,2026-01-17,Sat,W,3,2,True,False,False,Bemidji State,https://www.collegehockeynews.com/reports/team/Bemidji-State/7,7,True,False,https://www.collegehockeynews.com/box/final/20260117/bmj/stt/,https://www.collegehockeynews.com/box/metrics.php?gd=110662,,college_hockey_news,https://www.collegehockeynews.com/schedules/team/St-Thomas/63/20252026,CCHA,CCHA
2025-26,St. Thomas,2026-01-23,Fri,W,7,4,False,True,False,Lake Superior,https://www.collegehockeynews.com/reports/team/Lake-Superior/24,24,True,False,https://www.collegehockeynews.com/box/final/20260123/stt/lss/,https://www.collegehockeynews.com/box/metrics.php?gd=110663,,college_hockey_news,https://www.collegehockeynews.com/schedules/team/St-Thomas/63/20252026,CCHA,CCHA
2025-26,St. Thomas,2026-01-24,Sat,W,5,0,False,True,False,Lake Superior,https://www.collegehockeynews.com/reports/team/Lake-Superior/24,24,True,False,https://www.collegehockeynews.com/box/final/20260124/stt/lss/,https://www.collegehockeynews.com/box/metrics.php?gd=110664,,college_hockey_news,https://www.collegehockeynews.com/schedules/team/St-Thomas/63/20252026,CCHA,CCHA
2025-26,St. Thomas,2026-01-30,Fri,W,4,2,True,False,False,Michigan Tech,https://www.collegehockeynews.com/reports/team/Michigan-Tech/33,33,True,False,https://www.collegehockeynews.com/box/final/20260130/mtu/stt/,https://www.collegehockeynews.com/box/metrics.php?gd=110665,,college_hockey_news,https://www.collegehockeynews.com/schedules/team/St-Thomas/63/20252026,CCHA,CCHA
2025-26,St. Thomas,2026-01-31,Sat,L,3,4,True,False,False,Michigan Tech,https://www.collegehockeynews.com/reports/team/Michigan-Tech/33,33,True,False,https://www.collegehockeynews.com/box/final/20260131/mtu/stt/,https://www.collegehockeynews.com/box/metrics.php?gd=110666,,college_hockey_news,https://www.collegehockeynews.com/schedules/team/St-Thomas/63/20252026,CCHA,CCHA
2025-26,St. Thomas,2026-02-06,Fri,W,3,2,False,True,False,Bowling Green,https://www.collegehockeynews.com/reports/team/Bowling-Green/11,11,True,True,https://www.collegehockeynews.com/box/final/20260206/stt/bgs/,https://www.collegehockeynews.com/box/metrics.php?gd=110667,,college_hockey_news,https://www.collegehockeynews.com/schedules/team/St-Thomas/63/20252026,CCHA,CCHA
2025-26,St. Thomas,2026-02-07,Sat,L,1,3,False,True,False,Bowling Green,https://www.collegehockeynews.com/reports/team/Bowling-Green/11,11,True,False,https://www.collegehockeynews.com/box/final/20260207/stt/bgs/,https://www.collegehockeynews.com/box/metrics.php?gd=110668,,college_hockey_news,https://www.collegehockeynews.com/schedules/team/St-Thomas/63/20252026,CCHA,CCHA
2025-26,St. Thomas,2026-02-20,Fri,T-SOL,3,3,True,False,False,Augustana,https://www.collegehockeynews.com/reports/team/Augustana/64,64,True,True,https://www.collegehockeynews.com/box/final/20260220/aug/stt/,https://www.collegehockeynews.com/box/metrics.php?gd=110669,,college_hockey_news,https://www.collegehockeynews.com/schedules/team/St-Thomas/63/20252026,CCHA,CCHA
2025-26,St. Thomas,2026-02-21,Sat,L,0,4,True,False,False,Augustana,https://www.collegehockeynews.com/reports/team/Augustana/64,64,True,False,https://www.collegehockeynews.com/box/final/20260221/aug/stt/,https://www.collegehockeynews.com/box/metrics.php?gd=110670,,college_hockey_news,https://www.collegehockeynews.com/schedules/team/St-Thomas/63/20252026,CCHA,CCHA
2025-26,St. Thomas,2026-02-27,Fri,L,1,3,False,True,False,Bemidji State,https://www.collegehockeynews.com/reports/team/Bemidji-State/7,7,True,False,https://www.collegehockeynews.com/box/final/20260227/stt/bmj/,https://www.collegehockeynews.com/box/metrics.php?gd=110671,,college_hockey_news,https://www.collegehockeynews.com/schedules/team/St-Thomas/63/20252026,CCHA,CCHA
2025-26,St. Thomas,2026-02-28,Sat,T-SOW,2,2,False,True,False,Bemidji State,https://www.collegehockeynews.com/reports/team/Bemidji-State/7,7,True,True,https://www.collegehockeynews.com/box/final/20260228/stt/bmj/,https://www.collegehockeynews.com/box/metrics.php?gd=110672,,college_hockey_news,https://www.collegehockeynews.com/schedules/team/St-Thomas/63/20252026,CCHA,CCHA
2025-26,St. Thomas,2026-03-06,Fri,W,4,3,True,False,False,Lake Superior,https://www.collegehockeynews.com/reports/team/Lake-Superior/24,24,False,True,https://www.collegehockeynews.com/box/final/20260306/lss/stt/,https://www.collegehockeynews.com/box/metrics.php?gd=112940,CCHA Tournament CCHA Quarterfinal,college_hockey_news,https://www.collegehockeynews.com/schedules/team/St-Thomas/63/20252026,CCHA,CCHA
2025-26,St. Thomas,2026-03-07,Sat,W,5,2,True,False,False,Lake Superior,https://www.collegehockeynews.com/reports/team/Lake-Superior/24,24,False,False,https://www.collegehockeynews.com/box/final/20260307/lss/stt/,https://www.collegehockeynews.com/box/metrics.php?gd=112941,CCHA Tournament CCHA Quarterfinal,college_hockey_news,https://www.collegehockeynews.com/schedules/team/St-Thomas/63/20252026,CCHA,CCHA
2025-26,St. Thomas,2026-03-14,Sat,W,2,1,True,False,False,Augustana,https://www.collegehockeynews.com/reports/team/Augustana/64,64,False,False,https://www.collegehockeynews.com/box/final/20260314/aug/stt/,https://www.collegehockeynews.com/box/metrics.php?gd=113008,CCHA Tournament CCHA Semifinal,college_hockey_news,https://www.collegehockeynews.com/schedules/team/St-Thomas/63/20252026,CCHA,CCHA
2025-26,St. Thomas,2026-03-20,Fri,L,1,4,False,True,False,Minnesota State,https://www.collegehockeynews.com/reports/team/Minnesota-State/35,35,False,False,https://www.collegehockeynews.com/box/final/20260320/stt/mns/,https://www.collegehockeynews.com/box/metrics.php?gd=112928,"CCHA Tournament CCHA Championship – Mayo Clinic Event Center, Mankato, Minn.",college_hockey_news,https://www.collegehockeynews.com/schedules/team/St-Thomas/63/20252026,CCHA,CCHA
